<?xml version="1.0" encoding="UTF-8"?>
<!--
file                : dirt-3.xml
auto generated      : by Track Editor
version             : v 0.6.0 24/4/2005
copyright           : (C) 2005 by Charalampos Alexopoulos
email               : 
-->
<!--
This program is free software; you can redistribute it and/or modify it
under the terms of the GNU General Public License as published by
the Free Software Foundation; either version 2 of the License, or
(at your option) any later version.
-->
<!DOCTYPE params SYSTEM "../../../src/libs/tgf/params.dtd" [
<!--  general definitions for tracks  -->
<!ENTITY default-surfaces SYSTEM "../../../data/tracks/surfaces.xml">
]>

<params name="test" type="param" mode="mw">
  <section name="Surfaces">&default-surfaces;
    <section name="newdirt">
	<attnum name="color R1" val="0.3"/>
	<attnum name="color G1" val="0.6"/>
	<attnum name="color B1" val="0.2"/>
	<attnum name="color R2" val="0.5"/>
	<attnum name="color G2" val="0.7"/>
	<attnum name="color B2" val="0.3"/>
	<attstr name="texture name" val="newdirt.png"/>
	<attstr name="texture type" in="discrete, continuous" val="discrete"/>
	<attnum name="texture size" val="25.0" unit="m"/>
	<attnum name="texture mipmap" val="8.0" unit="m"/>

	<attstr name="bump name" val="dirt-bump.png"/>
	<attnum name="bump size" val="2.0" unit="m"/>

	<attnum name="friction"           val="0.85"/>
	<attnum name="rolling resistance" val="0.005"/>

	<attnum name="roughness" val="0.02"/>
	<attnum name="roughness wavelength" val="30.0"/>
    </section>
    <section name="newdirt2">
	<attnum name="color R1" val="0.3"/>
	<attnum name="color G1" val="0.6"/>
	<attnum name="color B1" val="0.2"/>
	<attnum name="color R2" val="0.5"/>
	<attnum name="color G2" val="0.7"/>
	<attnum name="color B2" val="0.3"/>
	<attstr name="texture name" val="newdirt2.png"/>
	<attstr name="texture type" in="discrete, continuous" val="discrete"/>
	<attnum name="texture size" val="25.0" unit="m"/>
	<attnum name="texture mipmap" val="8.0" unit="m"/>

	<attstr name="bump name" val="dirt-bump.png"/>
	<attnum name="bump size" val="2.0" unit="m"/>

	<attnum name="friction"           val="0.75"/>
	<attnum name="rolling resistance" val="0.05"/>

	<attnum name="roughness" val="0.08"/>
	<attnum name="roughness wavelength" val="6.0"/>
    </section>
    <section name="dirt-side">
	<attnum name="color R1" val="0.3"/>
	<attnum name="color G1" val="0.6"/>
	<attnum name="color B1" val="0.2"/>
	<attnum name="color R2" val="0.5"/>
	<attnum name="color G2" val="0.7"/>
	<attnum name="color B2" val="0.3"/>
	<attstr name="texture name" val="dirt-side.png"/>
	<attstr name="texture type" in="discrete, continuous" val="discrete"/>
	<attnum name="texture size" val="25.0" unit="m"/>
	<attnum name="texture mipmap" val="8.0" unit="m"/>

	<attstr name="bump name" val="dirt-bump.png"/>
	<attnum name="bump size" val="2.0" unit="m"/>

	<attnum name="friction"           val="0.85"/>
	<attnum name="rolling resistance" val="0.005"/>

	<attnum name="roughness" val="0.05"/>
	<attnum name="roughness wavelength" val="6.0"/>
    </section>
    <section name="dirt-grass">
	<attnum name="color R1" val="0.3"/>
	<attnum name="color G1" val="0.6"/>
	<attnum name="color B1" val="0.2"/>
	<attnum name="color R2" val="0.5"/>
	<attnum name="color G2" val="0.7"/>
	<attnum name="color B2" val="0.3"/>
	<attstr name="texture name" val="dirt-grass.png"/>
	<attstr name="texture type" in="discrete, continuous" val="discrete"/>
	<attnum name="texture size" val="25.0" unit="m"/>
	<attnum name="texture mipmap" val="8.0" unit="m"/>

	<attstr name="bump name" val="dirt-bump.png"/>
	<attnum name="bump size" val="2.0" unit="m"/>

	<attnum name="friction"           val="0.65"/>
	<attnum name="rolling resistance" val="0.005"/>

	<attnum name="roughness" val="0.08"/>
	<attnum name="roughness wavelength" val="6.0"/>
    </section>
    <section name="dirt-pits">
	<attnum name="color R1" val="0.3"/>
	<attnum name="color G1" val="0.6"/>
	<attnum name="color B1" val="0.2"/>
	<attnum name="color R2" val="0.5"/>
	<attnum name="color G2" val="0.7"/>
	<attnum name="color B2" val="0.3"/>
	<attstr name="texture name" val="dirt-pits.png"/>
	<attstr name="texture type" in="discrete, continuous" val="discrete"/>
	<attstr name="texture link with previous" val="yes"/>
	<attstr name="texture start on boundary" val="yes"/>
	<attnum name="texture size" val="15.0001" unit="m"/>
	<attnum name="texture mipmap" val="8.0" unit="m"/>

	<attstr name="bump name" val="dirt-bump.png"/>
	<attnum name="bump size" val="2.0" unit="m"/>

	<attnum name="friction"           val="0.85"/>
	<attnum name="rolling resistance" val="0.005"/>

	<attnum name="roughness" val="0.05"/>
	<attnum name="roughness wavelength" val="6.0"/>
    </section>
    <section name="bridge">
	<attnum name="color R1" val="0.3"/>
	<attnum name="color G1" val="0.6"/>
	<attnum name="color B1" val="0.2"/>
	<attnum name="color R2" val="0.5"/>
	<attnum name="color G2" val="0.7"/>
	<attnum name="color B2" val="0.3"/>
	<attstr name="texture name" val="bridgeplanks.png"/>
	<attstr name="texture type" in="discrete, continuous" val="discrete"/>
	<attnum name="texture size" val="12.5" unit="m"/>
	<attnum name="texture mipmap" val="8.0" unit="m"/>

	<attstr name="bump name" val=""/>
	<attnum name="bump size" val="2.0" unit="m"/>

	<attnum name="friction"           val="0.95"/>
	<attnum name="rolling resistance" val="0.001"/>

	<attnum name="roughness" val="0.02"/>
	<attnum name="roughness wavelength" val="0.25"/>
    </section>
    <section name="barrier-rusty">
      <attnum name="color R1" val="1.0"/>
      <attnum name="color G1" val="0.0"/>
      <attnum name="color B1" val="0.0"/>
      <attnum name="color R2" val="1.0"/>
      <attnum name="color G2" val="1.0"/>
      <attnum name="color B2" val="1.0"/>
      <attstr name="texture name" val="barrier-rusty.png"/>
      <attstr name="texture type" in="discrete, continuous" val="continuous"/>
      <attnum name="texture size" val="5.0" unit="m"/>
      <attnum name="texture mipmap" val="4.0"/>

      <attnum name="friction"           val="0.0"/>

      <attnum name="roughness" val="0.03"/>
      <attnum name="roughness wavelength" val="4.0"/>
      <attnum name="dammage"            val="2.0"/>
    </section>
    <section name="barrier-wooden">
      <attnum name="color R1" val="1.0"/>
      <attnum name="color G1" val="0.0"/>
      <attnum name="color B1" val="0.0"/>
      <attnum name="color R2" val="1.0"/>
      <attnum name="color G2" val="1.0"/>
      <attnum name="color B2" val="1.0"/>
      <attstr name="texture name" val="barrier-wooden.png"/>
      <attstr name="texture type" in="discrete, continuous" val="continuous"/>
      <attnum name="texture size" val="9.0" unit="m"/>
      <attnum name="texture mipmap" val="4.0"/>

      <attnum name="friction"           val="0.0"/>

      <attnum name="roughness" val="0.03"/>
      <attnum name="roughness wavelength" val="4.0"/>
      <attnum name="dammage"            val="4.0"/>
    </section>
    <section name="barrier-fence">
      <attnum name="color R1" val="1.0"/>
      <attnum name="color G1" val="0.0"/>
      <attnum name="color B1" val="0.0"/>
      <attnum name="color R2" val="1.0"/>
      <attnum name="color G2" val="1.0"/>
      <attnum name="color B2" val="1.0"/>
      <attstr name="texture name" val="barrier-fence-arbor.png"/>
      <attstr name="texture type" in="discrete, continuous" val="continuous"/>
      <attnum name="texture size" val="3.0" unit="m"/>
      <attnum name="texture mipmap" val="4.0"/>

      <attnum name="friction"           val="0.0"/>

      <attnum name="roughness" val="0.03"/>
      <attnum name="roughness wavelength" val="4.0"/>
      <attnum name="dammage"            val="1.5"/>
    </section>
  </section>
  <section name="Header">
    <attstr name="name" val="Dirt 3" />
    <attstr name="category" val="dirt" />
    <attnum name="version" val="4" />
    <attstr name="author" val="A. Sumner" />
    <attstr name="description" val="A blast through the Australian countryside" />
  </section>
  <section name="Graphic">
    <attstr name="3d description" val="dirt-3.acc" />
    <attstr name="background image" val="background.png"/>
    <attnum name="background color R" val="0.5"/>
    <attnum name="background color G" val="0.5"/>
    <attnum name="background color B" val="0.55"/>

    <attnum name="ambient color R" val="0.2"/>
    <attnum name="ambient color G" val="0.2"/>
    <attnum name="ambient color B" val="0.2"/>

    <attnum name="diffuse color R" val="1"/>
    <attnum name="diffuse color G" val="1"/>
    <attnum name="diffuse color B" val="1"/>

    <attnum name="specular color R" val="0.5"/>
    <attnum name="specular color G" val="0.5"/>
    <attnum name="specular color B" val="0.5"/>
    <attnum name="light position x" val="1800"/>
    <attnum name="light position y" val="6420"/>
    <attnum name="light position z" val="2400"/>
    <section name="Terrain Generation">
      <attnum name="track step" unit="m" val="20" />
      <attnum name="border margin" unit="m" val="500" />
      <attnum name="border step" unit="m" val="50" />
      <attnum name="border height" unit="m" val="25" />
      <attstr name="orientation" val="clockwise" />
      <attstr name="relief file" val="dirt-3-relief.ac" />
      <attstr name="surface" val="grass6" />
    </section>
  </section>
  <section name="Main Track">
    <attnum name="width" unit="m" val="10.0" />
    <attnum name="profil steps length" unit="m" val="4.0" />
    <attstr name="surface" val="newdirt" />
    <!--Left part of track-->
    <section name="Left Side">
      <attnum name="start width" unit="m" val="4.0" />
      <attnum name="end width" unit="m" val="4.0" />
      <attstr name="surface" val="dirt-grass" />
    </section>
    <section name="Left Barrier">
      <attnum name="width" unit="m" val="0.1" />
      <attnum name="height" unit="m" val="0.7" />
      <attstr name="surface" val="barrier-rusty" />
      <attstr name="style" val="wall" />
    </section>
    <!--End of left part-->
    <!--Right part of track-->
    <section name="Right Side">
      <attnum name="start width" unit="m" val="4.0" />
      <attnum name="end width" unit="m" val="4.0" />
      <attstr name="surface" val="dirt-grass" />
    </section>
    <section name="Right Barrier">
      <attnum name="width" unit="m" val="0.1" />
      <attnum name="height" unit="m" val="0.7" />
      <attstr name="surface" val="barrier-rusty" />
      <attstr name="style" val="wall" />
    </section>
    <!--End of right part-->
    <section name="Pits">
      <attstr name="side" val="left" />
      <attstr name="entry" val="pit entry" />
      <attstr name="start" val="pit start" />
      <attstr name="end" val="pit end" />
      <attstr name="exit" val="pit exit" />
      <attnum name="length" unit="m" val="15.0" />
      <attnum name="width" unit="m" val="5.0" />
    </section>
    <section name="Track Segments">
      <!--******************************-->
      <!--     Segment 6                -->
      <!--******************************-->
      <section name="pit end">
        <attstr name="type" val="str" />
        <attnum name="lg" unit="m" val="120.0" />
        <attnum name="z start" unit="m" val="6.0" />
        <attnum name="z end" unit="m" val="10.0" />
	<attnum name="profil steps length" unit="m" val="10.0" />
	<attstr name="profil" val="spline"/>
	<attnum name="profil start tangent" val="0" unit="%"/>
	<attnum name="profil end tangent" val="0" unit="%"/>
        <!--Left part of segment-->
        <section name="Left Side">
          <attnum name="start width" unit="m" val="15.0" />
          <attnum name="end width" unit="m" val="15.0" />
          <attstr name="surface" val="dirt-pits" />
        </section>
        <!--End of left part-->
        <!--Right part of segment-->
        <section name="Right Side">
          <attnum name="start width" unit="m" val="2.0" />
          <attnum name="end width" unit="m" val="2.0" />
        </section>
        <!--End of right part-->
      </section>
      <!--******************************-->
      <!--     Segment 7                -->
      <!--******************************-->
      <section name="pit exit">
        <attstr name="type" val="lft" />
        <attnum name="arc" unit="deg" val="59.99999999999999" />
        <attnum name="radius" unit="m" val="150.0" />
        <attnum name="end radius" unit="m" val="40.0" />
        <attnum name="z start" unit="m" val="10.0" />
        <attnum name="z end" unit="m" val="12.0" />
	<attstr name="profil" val="spline"/>
	<attnum name="profil end tangent" val="5" unit="%"/>
	<attnum name="banking end" val="-5.0" unit="deg"/>
        <!--Left part of segment-->
        <section name="Left Side">
          <attnum name="start width" unit="m" val="15.0" />
          <attnum name="end width" unit="m" val="5.0" />
          <attstr name="surface" val="dirt-side" />
        </section>
    	<section name="Left Barrier">
          <attnum name="width" unit="m" val="0.2" />
          <attnum name="height" unit="m" val="1.4" />
          <attstr name="surface" val="barrier-fence" />
          <attstr name="style" val="wall" />
        </section>
        <!--End of left part-->
        <!--Right part of segment-->
        <section name="Right Side">
          <attnum name="start width" unit="m" val="2.0" />
          <attnum name="end width" unit="m" val="2.0" />
        </section>
    	<section name="Right Barrier">
          <attnum name="width" unit="m" val="0.2" />
          <attnum name="height" unit="m" val="1.4" />
          <attstr name="surface" val="barrier-wooden" />
          <attstr name="style" val="wall" />
        </section>
        <!--End of right part-->
      </section>
      <!--******************************-->
      <!--     Segment 8                -->
      <!--******************************-->
      <section name="curve 4">
        <attstr name="type" val="lft" />
        <attnum name="arc" unit="deg" val="90.0" />
        <attnum name="radius" unit="m" val="60.0" />
        <attnum name="end radius" unit="m" val="40.0" />
        <attnum name="z start" unit="m" val="12.0" />
        <attnum name="z end" unit="m" val="15.0" />
	<attnum name="banking start" val="-5.0" unit="deg"/>
	<attnum name="banking end" val="-1.0" unit="deg"/>
	<attstr name="profil" val="spline"/>
	<attnum name="profil end tangent" val="5" unit="%"/>
        <!--Left part of segment-->
        <section name="Left Side">
          <attnum name="start width" unit="m" val="5.0" />
          <attnum name="end width" unit="m" val="2.0" />
        </section>
        <!--End of left part-->
        <!--Right part of segment-->
        <section name="Right Side">
          <attnum name="start width" unit="m" val="2.0" />
          <attnum name="end width" unit="m" val="2.0" />
        </section>
        <!--End of right part-->
      </section>
      <!--******************************-->
      <!--     Segment 9                -->
      <!--******************************-->
      <section name="curve 5">
        <attstr name="type" val="lft" />
        <attnum name="arc" unit="deg" val="40.0" />
        <attnum name="radius" unit="m" val="170.0" />
        <attnum name="end radius" unit="m" val="40.0" />
        <attnum name="z start" unit="m" val="15.0" />
        <attnum name="z end" unit="m" val="20.0" />
	<attstr name="profil" val="spline"/>
	<attnum name="profil end tangent" val="5" unit="%"/>
	<attnum name="banking start" val="-1.0" unit="deg"/>
	<attnum name="banking end" val="3.0" unit="deg"/>
        <!--Left part of segment-->
        <section name="Left Side">
          <attnum name="start width" unit="m" val="2.0" />
          <attnum name="end width" unit="m" val="2.0" />
          <attstr name="surface" val="dirt-grass" />
        </section>
    	<section name="Left Barrier">
          <attnum name="width" unit="m" val="0.1" />
          <attnum name="height" unit="m" val="0.7" />
          <attstr name="surface" val="barrier-rusty" />
          <attstr name="style" val="wall" />
        </section>
        <!--End of left part-->
        <!--Right part of segment-->
        <section name="Right Side">
          <attnum name="start width" unit="m" val="2.0" />
          <attnum name="end width" unit="m" val="2.0" />
        </section>
    	<section name="Right Barrier">
          <attnum name="width" unit="m" val="0.1" />
          <attnum name="height" unit="m" val="0.7" />
          <attstr name="surface" val="barrier-rusty" />
          <attstr name="style" val="wall" />
        </section>
        <!--End of right part-->
      </section>
      <!--******************************-->
      <!--     Segment 10                -->
      <!--******************************-->
      <section name="straight 7">
        <attstr name="type" val="str" />
        <attnum name="lg" unit="m" val="50.0" />
        <attnum name="z start" unit="m" val="20.0" />
        <attnum name="z end" unit="m" val="23.0" />
	<attnum name="banking start" val="3.0" unit="deg"/>
	<attnum name="banking end" val="4.0" unit="deg"/>
	<attnum name="profil steps length" unit="m" val="25.0" />
	<attstr name="profil" val="spline"/>
	<attnum name="profil end tangent" val="5" unit="%"/>
        <!--Left part of segment-->
        <section name="Left Side">
          <attnum name="start width" unit="m" val="2.0" />
          <attnum name="end width" unit="m" val="2.0" />
        </section>
        <!--End of left part-->
        <!--Right part of segment-->
        <section name="Right Side">
          <attnum name="start width" unit="m" val="2.0" />
          <attnum name="end width" unit="m" val="2.0" />
        </section>
        <!--End of right part-->
      </section>
      <!--******************************-->
      <!--     Segment 11                -->
      <!--******************************-->
      <section name="curve 6">
        <attstr name="type" val="rgt" />
        <attnum name="arc" unit="deg" val="25.5" />
        <attnum name="radius" unit="m" val="110.0" />
        <attnum name="z start" unit="m" val="23.0" />
        <attnum name="z end" unit="m" val="24.0" />
	<attnum name="banking start" val="4.0" unit="deg"/>
	<attnum name="banking end" val="1.0" unit="deg"/>
	<attstr name="profil" val="spline"/>
	<attnum name="profil end tangent" val="5" unit="%"/>
        <!--Left part of segment-->
        <section name="Left Side">
          <attnum name="start width" unit="m" val="2.0" />
          <attnum name="end width" unit="m" val="2.0" />
        </section>
        <!--End of left part-->
        <!--Right part of segment-->
        <section name="Right Side">
          <attnum name="start width" unit="m" val="2.0" />
          <attnum name="end width" unit="m" val="2.0" />
        </section>
        <!--End of right part-->
      </section>
      <!--******************************-->
      <!--     Segment 12                -->
      <!--******************************-->
      <section name="straight 8">
        <attstr name="type" val="str" />
        <attnum name="lg" unit="m" val="140.0" />
        <attnum name="z start" unit="m" val="24.0" />
        <attnum name="z end" unit="m" val="5.0" />
	<attnum name="banking start" val="1.0" unit="deg"/>
	<attnum name="banking end" val="0.0" unit="deg"/>
	<attnum name="profil steps length" unit="m" val="10.0" />
	<attstr name="profil" val="spline"/>
	<attnum name="profil end tangent" val="2" unit="%"/>
        <!--Left part of segment-->
        <section name="Left Side">
          <attnum name="start width" unit="m" val="2.0" />
          <attnum name="end width" unit="m" val="2.0" />
        </section>
        <!--End of left part-->
        <!--Right part of segment-->
        <section name="Right Side">
          <attnum name="start width" unit="m" val="2.0" />
          <attnum name="end width" unit="m" val="2.0" />
        </section>
        <!--End of right part-->
      </section>
      <!--******************************-->
      <!--     Segment 13                -->
      <!--******************************-->
      <section name="straight 9">
        <attstr name="type" val="str" />
        <attnum name="lg" unit="m" val="20.0" />
        <attnum name="z start" unit="m" val="5.0" />
        <attnum name="z end" unit="m" val="7.0" />
	<attnum name="banking start" val="0.0" unit="deg"/>
	<attnum name="banking end" val="6.0" unit="deg"/>
	<attstr name="surface" val="newdirt2"/>
	<attstr name="profil" val="spline"/>
	<attnum name="profil start tangent" val="2" unit="%"/>
	<attnum name="profil end tangent" val="5" unit="%"/>
        <!--Left part of segment-->
        <section name="Left Side">
          <attnum name="start width" unit="m" val="2.0" />
          <attnum name="end width" unit="m" val="2.0" />
        </section>
        <!--End of left part-->
        <!--Right part of segment-->
        <section name="Right Side">
          <attnum name="start width" unit="m" val="2.0" />
          <attnum name="end width" unit="m" val="2.0" />
        </section>
        <!--End of right part-->
      </section>
      <!--******************************-->
      <!--     Segment 14                -->
      <!--******************************-->
      <section name="curve 7">
        <attstr name="type" val="rgt" />
        <attnum name="arc" unit="deg" val="45.0" />
        <attnum name="radius" unit="m" val="80.0" />
        <attnum name="z start" unit="m" val="7.0" />
        <attnum name="z end" unit="m" val="16.0" />
	<attnum name="banking start" val="6.0" unit="deg"/>
	<attnum name="banking end" val="-1.0" unit="deg"/>
	<attstr name="surface" val="newdirt"/>
	<attstr name="profil" val="spline"/>
	<attnum name="profil end tangent" val="5" unit="%"/>
        <!--Left part of segment-->
        <section name="Left Side">
          <attnum name="start width" unit="m" val="2.0" />
          <attnum name="end width" unit="m" val="2.0" />
        </section>
        <!--End of left part-->
        <!--Right part of segment-->
        <section name="Right Side">
          <attnum name="start width" unit="m" val="2.0" />
          <attnum name="end width" unit="m" val="2.0" />
        </section>
        <!--End of right part-->
      </section>
      <!--******************************-->
      <!--     Segment 15                -->
      <!--******************************-->
      <section name="straight 10">
        <attstr name="type" val="str" />
        <attnum name="lg" unit="m" val="30.0" />
        <attnum name="z start" unit="m" val="16.0" />
        <attnum name="z end" unit="m" val="18.0" />
	<attnum name="banking start" val="-1.0" unit="deg"/>
	<attnum name="banking end" val="1.0" unit="deg"/>
	<attnum name="profil steps length" unit="m" val="10.0" />
	<attstr name="profil" val="spline"/>
	<attnum name="profil end tangent" val="5" unit="%"/>
        <!--Left part of segment-->
        <section name="Left Side">
          <attnum name="start width" unit="m" val="2.0" />
          <attnum name="end width" unit="m" val="2.0" />
        </section>
        <!--End of left part-->
        <!--Right part of segment-->
        <section name="Right Side">
          <attnum name="start width" unit="m" val="2.0" />
          <attnum name="end width" unit="m" val="2.0" />
        </section>
        <!--End of right part-->
      </section>
      <!--******************************-->
      <!--     Segment 16                -->
      <!--******************************-->
      <section name="curve 8">
        <attstr name="type" val="rgt" />
        <attnum name="arc" unit="deg" val="35.0" />
        <attnum name="radius" unit="m" val="130.0" />
        <attnum name="end radius" unit="m" val="180.0" />
	<attnum name="banking start" val="1.0" unit="deg"/>
	<attnum name="banking end" val="5.0" unit="deg"/>
        <attnum name="z start" unit="m" val="18.0" />
        <attnum name="z end" unit="m" val="11.0" />
	<attstr name="profil" val="spline"/>
	<attnum name="profil end tangent" val="-7" unit="%"/>
        <!--Left part of segment-->
        <section name="Left Side">
          <attnum name="start width" unit="m" val="2.0" />
          <attnum name="end width" unit="m" val="2.0" />
        </section>
        <!--End of left part-->
        <!--Right part of segment-->
        <section name="Right Side">
          <attnum name="start width" unit="m" val="2.0" />
          <attnum name="end width" unit="m" val="2.0" />
        </section>
        <!--End of right part-->
      </section>
      <!--******************************-->
      <!--     Segment 17                -->
      <!--******************************-->
      <section name="straight 11">
        <attstr name="type" val="str" />
        <attnum name="lg" unit="m" val="30.0" />
        <attnum name="z start" unit="m" val="11.0" />
        <attnum name="z end" unit="m" val="8.5" />
	<attnum name="banking start" val="5.0" unit="deg"/>
	<attnum name="banking end" val="-3.0" unit="deg"/>
	<attnum name="profil steps length" unit="m" val="6.0" />
	<attstr name="profil" val="spline"/>
	<attnum name="profil start tangent" val="-7" unit="%"/>
	<attnum name="profil end tangent" val="-7" unit="%"/>
        <!--Left part of segment-->
        <section name="Left Side">
          <attnum name="start width" unit="m" val="2.0" />
          <attnum name="end width" unit="m" val="2.0" />
        </section>
        <!--End of left part-->
        <!--Right part of segment-->
        <section name="Right Side">
          <attnum name="start width" unit="m" val="2.0" />
          <attnum name="end width" unit="m" val="2.0" />
        </section>
        <!--End of right part-->
      </section>
      <!--******************************-->
      <!--     Segment 18                -->
      <!--******************************-->
      <section name="curve 10">
        <attstr name="type" val="lft" />
        <attnum name="arc" unit="deg" val="12.0" />
        <attnum name="radius" unit="m" val="150.0" />
        <attnum name="z start" unit="m" val="8.5" />
        <attnum name="z end" unit="m" val="6.0" />
	<attnum name="banking start" val="-3.0" unit="deg"/>
	<attnum name="banking end" val="0.0" unit="deg"/>
	<attstr name="profil" val="spline"/>
	<attnum name="profil start tangent" val="-7" unit="%"/>
	<attnum name="profil end tangent" val="0" unit="%"/>
        <!--Left part of segment-->
        <section name="Left Side">
          <attnum name="start width" unit="m" val="2.0" />
          <attnum name="end width" unit="m" val="2.0" />
        </section>
        <!--End of left part-->
        <!--Right part of segment-->
        <section name="Right Side">
          <attnum name="start width" unit="m" val="2.0" />
          <attnum name="end width" unit="m" val="2.0" />
        </section>
        <!--End of right part-->
      </section>
      <!--******************************-->
      <!--     Segment 19                -->
      <!--******************************-->
      <section name="straight 12">
        <attstr name="type" val="str" />
        <attnum name="lg" unit="m" val="30.0" />
        <attnum name="z start" unit="m" val="6.0" />
        <attnum name="z end" unit="m" val="7.0" />
	<attnum name="banking start" val="0.0" unit="deg"/>
	<attnum name="banking end" val="2.0" unit="deg"/>
	<attnum name="profil steps length" unit="m" val="15.0" />
	<attstr name="profil" val="spline"/>
	<attnum name="profil start tangent" val="0" unit="%"/>
	<attnum name="profil end tangent" val="1" unit="%"/>
        <!--Left part of segment-->
        <section name="Left Side">
          <attnum name="start width" unit="m" val="2.0" />
          <attnum name="end width" unit="m" val="2.0" />
        </section>
        <!--End of left part-->
        <!--Right part of segment-->
        <section name="Right Side">
          <attnum name="start width" unit="m" val="2.0" />
          <attnum name="end width" unit="m" val="2.0" />
        </section>
    	<section name="Right Barrier">
          <attnum name="width" unit="m" val="0.2" />
          <attnum name="height" unit="m" val="1.4" />
          <attstr name="surface" val="barrier-wooden" />
          <attstr name="style" val="wall" />
        </section>
        <!--End of right part-->
      </section>
      <!--******************************-->
      <!--     Segment 20                -->
      <!--******************************-->
      <section name="curve 11">
        <attstr name="type" val="lft" />
        <attnum name="arc" unit="deg" val="80.0" />
        <attnum name="radius" unit="m" val="45.0" />
        <attnum name="end radius" unit="m" val="25.0" />
        <attnum name="z start" unit="m" val="7.0" />
        <attnum name="z end" unit="m" val="8.0" />
	<attnum name="banking start" val="2.0" unit="deg"/>
	<attnum name="banking end" val="4.0" unit="deg"/>
	<attstr name="profil" val="spline"/>
	<attnum name="profil end tangent" val="5" unit="%"/>
        <!--Left part of segment-->
        <section name="Left Side">
          <attnum name="start width" unit="m" val="2.0" />
          <attnum name="end width" unit="m" val="2.0" />
        </section>
        <!--End of left part-->
        <!--Right part of segment-->
        <section name="Right Side">
          <attnum name="start width" unit="m" val="2.0" />
          <attnum name="end width" unit="m" val="2.0" />
        </section>
        <!--End of right part-->
      </section>
      <!--******************************-->
      <!--     Segment 21                -->
      <!--******************************-->
      <section name="curve 12">
        <attstr name="type" val="lft" />
        <attnum name="arc" unit="deg" val="62.0" />
        <attnum name="radius" unit="m" val="29.0" />
        <attnum name="end radius" unit="m" val="30.0" />
        <attnum name="z start" unit="m" val="8.0" />
        <attnum name="z end" unit="m" val="10.0" />
	<attstr name="surface" val="newdirt2"/>
	<attnum name="banking start" val="4.0" unit="deg"/>
	<attnum name="banking end" val="1.0" unit="deg"/>
	<attstr name="profil" val="spline"/>
	<attnum name="profil end tangent" val="5" unit="%"/>
        <!--Left part of segment-->
        <section name="Left Side">
          <attnum name="start width" unit="m" val="2.0" />
          <attnum name="end width" unit="m" val="2.0" />
        </section>
        <!--End of left part-->
        <!--Right part of segment-->
        <section name="Right Side">
          <attnum name="start width" unit="m" val="2.0" />
          <attnum name="end width" unit="m" val="2.0" />
        </section>
        <!--End of right part-->
      </section>
      <!--******************************-->
      <!--     Segment 22                -->
      <!--******************************-->
      <section name="straight 13">
        <attstr name="type" val="str" />
        <attnum name="lg" unit="m" val="30.0" />
        <attnum name="z start" unit="m" val="10.0" />
        <attnum name="z end" unit="m" val="12.0" />
	<attnum name="banking start" val="1.0" unit="deg"/>
	<attnum name="banking end" val="0.0" unit="deg"/>
	<attstr name="surface" val="newdirt"/>
	<attnum name="profil steps length" unit="m" val="30.0" />
	<attstr name="profil" val="spline"/>
	<attnum name="profil end tangent" val="5" unit="%"/>
        <!--Left part of segment-->
        <section name="Left Side">
          <attnum name="start width" unit="m" val="2.0" />
          <attnum name="end width" unit="m" val="2.0" />
        </section>
        <!--End of left part-->
        <!--Right part of segment-->
        <section name="Right Side">
          <attnum name="start width" unit="m" val="2.0" />
          <attnum name="end width" unit="m" val="2.0" />
        </section>
        <!--End of right part-->
      </section>
      <!--******************************-->
      <!--     Segment 23                -->
      <!--******************************-->
      <section name="curve 14">
        <attstr name="type" val="lft" />
        <attnum name="arc" unit="deg" val="6.0" />
        <attnum name="radius" unit="m" val="350.0" />
        <attnum name="z start" unit="m" val="12.0" />
        <attnum name="z end" unit="m" val="15.0" />
	<attnum name="banking start" val="0.0" unit="deg"/>
	<attnum name="banking end" val="2.0" unit="deg"/>
	<attstr name="profil" val="spline"/>
	<attnum name="profil end tangent" val="5" unit="%"/>
        <!--Left part of segment-->
        <section name="Left Side">
          <attnum name="start width" unit="m" val="2.0" />
          <attnum name="end width" unit="m" val="2.0" />
        </section>
        <!--End of left part-->
        <!--Right part of segment-->
        <section name="Right Side">
          <attnum name="start width" unit="m" val="2.0" />
          <attnum name="end width" unit="m" val="2.0" />
        </section>
    	<section name="Right Barrier">
          <attnum name="width" unit="m" val="0.1" />
          <attnum name="height" unit="m" val="0.7" />
          <attstr name="surface" val="barrier-rusty" />
          <attstr name="style" val="wall" />
        </section>
        <!--End of right part-->
      </section>
      <!--******************************-->
      <!--     Segment 24                -->
      <!--******************************-->
      <section name="straight 14">
        <attstr name="type" val="str" />
        <attnum name="lg" unit="m" val="70.0" />
        <attnum name="z start" unit="m" val="15.0" />
        <attnum name="z end" unit="m" val="18.0" />
	<attnum name="banking start" val="2.0" unit="deg"/>
	<attnum name="banking end" val="-6.0" unit="deg"/>
	<attnum name="profil steps length" unit="m" val="35.0" />
	<attstr name="profil" val="spline"/>
	<attnum name="profil end tangent" val="5" unit="%"/>
        <!--Left part of segment-->
        <section name="Left Side">
          <attnum name="start width" unit="m" val="2.0" />
          <attnum name="end width" unit="m" val="2.0" />
        </section>
        <!--End of left part-->
        <!--Right part of segment-->
        <section name="Right Side">
          <attnum name="start width" unit="m" val="2.0" />
          <attnum name="end width" unit="m" val="2.0" />
        </section>
        <!--End of right part-->
      </section>
      <!--******************************-->
      <!--     Segment 25                -->
      <!--******************************-->
      <section name="curve 15">
        <attstr name="type" val="lft" />
        <attnum name="arc" unit="deg" val="40.0" />
        <attnum name="radius" unit="m" val="75.0" />
        <attnum name="end radius" unit="m" val="40.0" />
        <attnum name="z start" unit="m" val="18.0" />
        <attnum name="z end" unit="m" val="17.0" />
	<attnum name="banking start" val="-6.0" unit="deg"/>
	<attnum name="banking end" val="-4.0" unit="deg"/>
	<attstr name="profil" val="spline"/>
	<attnum name="profil end tangent" val="-5" unit="%"/>
        <!--Left part of segment-->
        <section name="Left Side">
          <attnum name="start width" unit="m" val="2.0" />
          <attnum name="end width" unit="m" val="2.0" />
        </section>
        <!--End of left part-->
        <!--Right part of segment-->
        <section name="Right Side">
          <attnum name="start width" unit="m" val="2.0" />
          <attnum name="end width" unit="m" val="2.0" />
        </section>
        <!--End of right part-->
      </section>
      <!--******************************-->
      <!--     Segment 26                -->
      <!--******************************-->
      <section name="straight 15">
        <attstr name="type" val="str" />
        <attnum name="lg" unit="m" val="50.0" />
        <attnum name="z start" unit="m" val="17.0" />
        <attnum name="z end" unit="m" val="12.0" />
	<attnum name="banking start" val="-4.0" unit="deg"/>
	<attnum name="banking end" val="8.0" unit="deg"/>
	<attnum name="profil steps length" unit="m" val="10.0" />
	<attstr name="profil" val="spline"/>
	<attnum name="profil end tangent" val="-10" unit="%"/>
        <!--Left part of segment-->
        <section name="Left Side">
          <attnum name="start width" unit="m" val="2.0" />
          <attnum name="end width" unit="m" val="2.0" />
        </section>
        <!--End of left part-->
        <!--Right part of segment-->
        <section name="Right Side">
          <attnum name="start width" unit="m" val="2.0" />
          <attnum name="end width" unit="m" val="2.0" />
        </section>
        <!--End of right part-->
      </section>
      <!--******************************-->
      <!--     Segment 27                -->
      <!--******************************-->
      <section name="curve 16">
        <attstr name="type" val="rgt" />
        <attnum name="arc" unit="deg" val="12.999999999999996" />
        <attnum name="radius" unit="m" val="550.0" />
        <attnum name="end radius" unit="m" val="280.0" />
        <attnum name="z start" unit="m" val="12.0" />
        <attnum name="z end" unit="m" val="4.0" />
	<attnum name="banking start" val="8.0" unit="deg"/>
	<attnum name="banking end" val="2.0" unit="deg"/>
	<attstr name="profil" val="spline"/>
	<attnum name="profil start tangent" val="0" unit="%"/>
	<attnum name="profil end tangent" val="-8" unit="%"/>
        <!--Left part of segment-->
        <section name="Left Side">
          <attnum name="start width" unit="m" val="2.0" />
          <attnum name="end width" unit="m" val="2.0" />
        </section>
        <!--End of left part-->
        <!--Right part of segment-->
        <section name="Right Side">
          <attnum name="start width" unit="m" val="2.0" />
          <attnum name="end width" unit="m" val="2.0" />
        </section>
        <!--End of right part-->
      </section>
      <!--******************************-->
      <!--     Segment 28                -->
      <!--******************************-->
      <section name="curve 17">
        <attstr name="type" val="rgt" />
        <attnum name="arc" unit="deg" val="36.0" />
        <attnum name="radius" unit="m" val="140.0" />
        <attnum name="end radius" unit="m" val="30.0" />
        <attnum name="z start" unit="m" val="4.0" />
        <attnum name="z end" unit="m" val="2.0" />
	<attnum name="banking start" val="2.0" unit="deg"/>
	<attnum name="banking end" val="5.0" unit="deg"/>
	<attstr name="surface" val="newdirt2"/>
	<attstr name="profil" val="spline"/>
	<attnum name="profil end tangent" val="5" unit="%"/>
        <!--Left part of segment-->
        <section name="Left Side">
          <attnum name="start width" unit="m" val="2.0" />
          <attnum name="end width" unit="m" val="2.0" />
        </section>
        <!--End of left part-->
        <!--Right part of segment-->
        <section name="Right Side">
          <attnum name="start width" unit="m" val="2.0" />
          <attnum name="end width" unit="m" val="2.0" />
        </section>
        <!--End of right part-->
      </section>
      <!--******************************-->
      <!--     Segment 29                -->
      <!--******************************-->
      <section name="straight 16">
        <attstr name="type" val="str" />
        <attnum name="lg" unit="m" val="70.0" />
        <attnum name="z start" unit="m" val="2.0" />
        <attnum name="z end" unit="m" val="5.0" />
	<attnum name="banking start" val="5.0" unit="deg"/>
	<attnum name="banking end" val="-3.0" unit="deg"/>
	<attstr name="surface" val="newdirt"/>
	<attnum name="profil steps length" unit="m" val="7.0" />
	<attstr name="profil" val="spline"/>
	<attnum name="profil end tangent" val="5" unit="%"/>
        <!--Left part of segment-->
        <section name="Left Side">
          <attnum name="start width" unit="m" val="2.0" />
          <attnum name="end width" unit="m" val="2.0" />
        </section>
        <!--End of left part-->
        <!--Right part of segment-->
        <section name="Right Side">
          <attnum name="start width" unit="m" val="2.0" />
          <attnum name="end width" unit="m" val="2.0" />
        </section>
        <!--End of right part-->
      </section>
      <!--******************************-->
      <!--     Segment 30                -->
      <!--******************************-->
      <section name="straight 17">
        <attstr name="type" val="str" />
        <attnum name="lg" unit="m" val="30.0" />
        <attnum name="z start" unit="m" val="5.0" />
        <attnum name="z end" unit="m" val="6.0" />
	<attnum name="banking start" val="-3.0" unit="deg"/>
	<attnum name="banking end" val="-1.0" unit="deg"/>
	<attstr name="profil" val="spline"/>
	<attnum name="profil end tangent" val="-5" unit="%"/>
	<attstr name="surface" val="newdirt2"/>
        <!--Left part of segment-->
        <section name="Left Side">
          <attnum name="start width" unit="m" val="2.0" />
          <attnum name="end width" unit="m" val="2.0" />
        </section>
        <!--End of left part-->
        <!--Right part of segment-->
        <section name="Right Side">
          <attnum name="start width" unit="m" val="2.0" />
          <attnum name="end width" unit="m" val="2.0" />
        </section>
        <!--End of right part-->
      </section>
      <!--******************************-->
      <!--     Segment 31                -->
      <!--******************************-->
      <section name="curve 18">
        <attstr name="type" val="rgt" />
        <attnum name="arc" unit="deg" val="34.0" />
        <attnum name="radius" unit="m" val="100.0" />
        <attnum name="end radius" unit="m" val="120.0" />
        <attnum name="z start" unit="m" val="6.0" />
        <attnum name="z end" unit="m" val="4.0" />
	<attnum name="banking start" val="-1.0" unit="deg"/>
	<attnum name="banking end" val="4.0" unit="deg"/>
	<attstr name="profil" val="spline"/>
	<attnum name="profil end tangent" val="-5" unit="%"/>
        <!--Left part of segment-->
        <section name="Left Side">
          <attnum name="start width" unit="m" val="2.0" />
          <attnum name="end width" unit="m" val="2.0" />
        </section>
        <!--End of left part-->
        <!--Right part of segment-->
        <section name="Right Side">
          <attnum name="start width" unit="m" val="2.0" />
          <attnum name="end width" unit="m" val="2.0" />
        </section>
        <!--End of right part-->
      </section>
      <!--******************************-->
      <!--     Segment 32                -->
      <!--******************************-->
      <section name="straight 18">
        <attstr name="type" val="str" />
        <attnum name="lg" unit="m" val="60.0" />
        <attnum name="z start" unit="m" val="4.0" />
        <attnum name="z end" unit="m" val="3.0" />
	<attnum name="banking start" val="4.0" unit="deg"/>
	<attnum name="banking end" val="1.0" unit="deg"/>
	<attstr name="surface" val="newdirt"/>
	<attnum name="profil steps length" unit="m" val="15.0" />
	<attstr name="profil" val="spline"/>
	<attnum name="profil end tangent" val="-5" unit="%"/>
        <!--Left part of segment-->
        <section name="Left Side">
          <attnum name="start width" unit="m" val="2.0" />
          <attnum name="end width" unit="m" val="2.0" />
        </section>
        <!--Right part of segment-->
        <section name="Right Side">
          <attnum name="start width" unit="m" val="2.0" />
          <attnum name="end width" unit="m" val="2.0" />
        </section>
        <!--End of right part-->
      </section>
      <!--******************************-->
      <!--     Segment 33                -->
      <!--******************************-->
      <section name="curve 19">
        <attstr name="type" val="lft" />
        <attnum name="arc" unit="deg" val="90.0" />
        <attnum name="radius" unit="m" val="70.0" />
        <attnum name="end radius" unit="m" val="40.0" />
        <attnum name="z start" unit="m" val="3.0" />
        <attnum name="z end" unit="m" val="1.5" />
	<attnum name="banking start" val="1.0" unit="deg"/>
	<attnum name="banking end" val="-5.0" unit="deg"/>
	<attstr name="profil" val="spline"/>
	<attnum name="profil end tangent" val="5" unit="%"/>
        <!--Left part of segment-->
        <section name="Left Side">
          <attnum name="start width" unit="m" val="2.0" />
          <attnum name="end width" unit="m" val="2.0" />
        </section>
    	<section name="Left Barrier">
          <attnum name="width" unit="m" val="0.2" />
          <attnum name="height" unit="m" val="1.4" />
          <attstr name="surface" val="barrier-wooden" />
          <attstr name="style" val="wall" />
        </section>
        <!--End of left part-->
        <!--Right part of segment-->
        <section name="Right Side">
          <attnum name="start width" unit="m" val="2.0" />
          <attnum name="end width" unit="m" val="2.0" />
        </section>
        <!--End of right part-->
      </section>
      <!--******************************-->
      <!--     Segment 34                -->
      <!--******************************-->
      <section name="curve 20">
        <attstr name="type" val="lft" />
        <attnum name="arc" unit="deg" val="101.5" />
        <attnum name="radius" unit="m" val="64.4" />
        <attnum name="end radius" unit="m" val="50.0" />
        <attnum name="z start" unit="m" val="1.5" />
        <attnum name="z end" unit="m" val="1.0" />
	<attnum name="banking start" val="-5.0" unit="deg"/>
	<attnum name="banking end" val="-3.0" unit="deg"/>
	<attstr name="profil" val="spline"/>
	<attnum name="profil end tangent" val="-5" unit="%"/>
        <!--Left part of segment-->
        <section name="Left Side">
          <attnum name="start width" unit="m" val="2.0" />
          <attnum name="end width" unit="m" val="2.0" />
        </section>
        <!--End of left part-->
        <!--Right part of segment-->
        <section name="Right Side">
          <attnum name="start width" unit="m" val="2.0" />
          <attnum name="end width" unit="m" val="2.0" />
        </section>
        <!--End of right part-->
      </section>
      <!--******************************-->
      <!--     Segment 35                -->
      <!--******************************-->
      <section name="s1">
        <attstr name="type" val="str" />
        <attnum name="lg" unit="m" val="97.42" />
        <attnum name="z start" unit="m" val="1.0" />
        <attnum name="z end" unit="m" val="-5.5" />
	<attnum name="banking start" val="-3.0" unit="deg"/>
	<attnum name="banking end" val="0.0" unit="deg"/>
	<attstr name="profil" val="spline"/>
	<attnum name="profil start tangent" val="-5" unit="%"/>
	<attnum name="profil end tangent" val="5" unit="%"/>
        <!--Left part of segment-->
        <section name="Left Side">
          <attnum name="start width" unit="m" val="2.0" />
          <attnum name="end width" unit="m" val="2.0" />
        </section>
        <!--End of left part-->
        <!--Right part of segment-->
        <section name="Right Side">
          <attnum name="start width" unit="m" val="2.0" />
          <attnum name="end width" unit="m" val="2.0" />
        </section>
        <!--End of right part-->
      </section>
      <section name="s1a">
        <attstr name="type" val="str" />
        <attnum name="lg" unit="m" val="6.00" />
        <attnum name="z start" unit="m" val="-5.5" />
        <attnum name="z end" unit="m" val="-5.0" />
	<attstr name="profil" val="spline"/>
	<attnum name="profil end tangent" val="5" unit="%"/>
        <!--Left part of segment-->
        <section name="Left Side">
          <attnum name="start width" unit="m" val="2.0" />
          <attnum name="end width" unit="m" val="0.0" />
        </section>
        <!--End of left part-->
        <!--Right part of segment-->
        <section name="Right Side">
          <attnum name="start width" unit="m" val="2.0" />
          <attnum name="end width" unit="m" val="0.0" />
        </section>
    	<section name="Right Barrier">
          <attnum name="width" unit="m" val="0.2" />
          <attnum name="height" unit="m" val="1.4" />
          <attstr name="surface" val="barrier-wooden" />
          <attstr name="style" val="wall" />
        </section>
        <!--End of right part-->
      </section>
      <section name="s1b">
        <attstr name="type" val="str" />
        <attnum name="lg" unit="m" val="20.00" />
        <attnum name="z start" unit="m" val="-5.0" />
        <attnum name="z end" unit="m" val="-5.0" />
	<attstr name="surface" val="bridge"/>
	<attstr name="profil" val="linear"/>
	<attnum name="profil end tangent" val="5" unit="%"/>
        <!--Left part of segment-->
        <section name="Left Side">
          <attnum name="start width" unit="m" val="0.0" />
          <attnum name="end width" unit="m" val="0.0" />
        </section>
    	<section name="Left Barrier">
          <attnum name="width" unit="m" val="0.2" />
          <attnum name="height" unit="m" val="1.4" />
          <attstr name="surface" val="barrier-fence" />
          <attstr name="style" val="wall" />
        </section>
        <!--End of left part-->
        <!--Right part of segment-->
        <section name="Right Side">
          <attnum name="start width" unit="m" val="0.0" />
          <attnum name="end width" unit="m" val="0.0" />
        </section>
    	<section name="Right Barrier">
          <attnum name="width" unit="m" val="0.2" />
          <attnum name="height" unit="m" val="1.4" />
          <attstr name="surface" val="barrier-fence" />
          <attstr name="style" val="wall" />
        </section>
        <!--End of right part-->
      </section>
      <section name="s1c">
        <attstr name="type" val="str" />
        <attnum name="lg" unit="m" val="37.00" />
        <attnum name="z start" unit="m" val="-5.0" />
        <attnum name="z end" unit="m" val="-5.5" />
	<attstr name="surface" val="newdirt"/>
	<attstr name="profil" val="spline"/>
	<attnum name="profil end tangent" val="5" unit="%"/>
        <!--Left part of segment-->
        <section name="Left Side">
          <attnum name="start width" unit="m" val="0.0" />
          <attnum name="end width" unit="m" val="2.0" />
        </section>
    	<section name="Left Barrier">
          <attnum name="width" unit="m" val="0.1" />
          <attnum name="height" unit="m" val="0.7" />
          <attstr name="surface" val="barrier-rusty" />
          <attstr name="style" val="wall" />
        </section>
        <!--End of left part-->
        <!--Right part of segment-->
        <section name="Right Side">
          <attnum name="start width" unit="m" val="0.0" />
          <attnum name="end width" unit="m" val="2.0" />
        </section>
    	<section name="Right Barrier">
          <attnum name="width" unit="m" val="0.1" />
          <attnum name="height" unit="m" val="0.7" />
          <attstr name="surface" val="barrier-rusty" />
          <attstr name="style" val="wall" />
        </section>
        <!--End of right part-->
      </section>
      <!--******************************-->
      <!--     Segment 1                -->
      <!--******************************-->
      <section name="s2">
        <attstr name="type" val="str" />
        <attnum name="lg" unit="m" val="55.0" />
        <attnum name="z start" unit="m" val="-5.5" />
        <attnum name="z end" unit="m" val="2.5" />
	<attstr name="profil" val="spline"/>
	<attnum name="profil end tangent" val="5" unit="%"/>
        <!--Left part of segment-->
        <section name="Left Side">
          <attnum name="start width" unit="m" val="2.0" />
          <attnum name="end width" unit="m" val="2.0" />
        </section>
        <!--End of left part-->
        <!--Right part of segment-->
        <section name="Right Side">
          <attnum name="start width" unit="m" val="2.0" />
          <attnum name="end width" unit="m" val="2.0" />
        </section>
        <!--End of right part-->
      </section>
      <!--******************************-->
      <!--     Segment 2                -->
      <!--******************************-->
      <section name="curve 21">
        <attstr name="type" val="rgt" />
        <attnum name="arc" unit="deg" val="12.999999999999998" />
        <attnum name="radius" unit="m" val="200.0" />
        <attnum name="z start" unit="m" val="2.5" />
        <attnum name="z end" unit="m" val="3.0" />
	<attstr name="profil" val="spline"/>
	<attnum name="profil end tangent" val="-5" unit="%"/>
        <!--Left part of segment-->
        <section name="Left Side">
          <attnum name="start width" unit="m" val="2.0" />
          <attnum name="end width" unit="m" val="2.0" />
        </section>
        <!--End of left part-->
        <!--Right part of segment-->
        <section name="Right Side">
          <attnum name="start width" unit="m" val="2.0" />
          <attnum name="end width" unit="m" val="2.0" />
        </section>
        <!--End of right part-->
      </section>
      <!--******************************-->
      <!--     Segment 3                -->
      <!--******************************-->
      <section name="pit entry">
        <attstr name="type" val="str" />
        <attnum name="lg" unit="m" val="50.0" />
        <attnum name="z start" unit="m" val="3.0" />
        <attnum name="z end" unit="m" val="2.0" />
	<attstr name="profil" val="spline"/>
	<attnum name="profil start tangent" val="0" unit="%"/>
	<attnum name="profil end tangent" val="0" unit="%"/>
        <!--Left part of segment-->
        <section name="Left Side">
          <attnum name="start width" unit="m" val="2.0" />
          <attnum name="end width" unit="m" val="15.0" />
          <attstr name="surface" val="dirt-side" />
        </section>
        <!--End of left part-->
        <!--Right part of segment-->
        <section name="Right Side">
          <attnum name="start width" unit="m" val="2.0" />
          <attnum name="end width" unit="m" val="2.0" />
        </section>
        <!--End of right part-->
      </section>
      <!--******************************-->
      <!--     Segment 4                -->
      <!--******************************-->
      <section name="pit entry2">
        <attstr name="type" val="rgt" />
        <attnum name="arc" unit="deg" val="20.0" />
        <attnum name="radius" unit="m" val="130.0" />
        <attnum name="z start" unit="m" val="2.0" />
        <attnum name="z end" unit="m" val="2.0" />
	<attstr name="profil" val="spline"/>
	<attnum name="profil start tangent" val="0" unit="%"/>
	<attnum name="profil end tangent" val="0" unit="%"/>
        <!--Left part of segment-->
        <section name="Left Side">
          <attnum name="start width" unit="m" val="15.0" />
          <attnum name="end width" unit="m" val="15.0" />
        </section>
        <!--End of left part-->
        <!--Right part of segment-->
        <section name="Right Side">
          <attnum name="start width" unit="m" val="2.0" />
          <attnum name="end width" unit="m" val="2.0" />
        </section>
        <!--End of right part-->
      </section>
      <!--******************************-->
      <!--     Segment 5                -->
      <!--******************************-->
      <section name="pit start">
        <attstr name="type" val="str" />
        <attnum name="lg" unit="m" val="120.0" />
        <attnum name="z start" unit="m" val="2.0" />
        <attnum name="z end" unit="m" val="6.0" />
	<attnum name="profil steps length" unit="m" val="10.0" />
	<attstr name="profil" val="spline"/>
	<attnum name="profil end tangent" val="0" unit="%"/>
        <!--Left part of segment-->
        <section name="Left Side">
          <attnum name="start width" unit="m" val="15.0" />
          <attnum name="end width" unit="m" val="15.0" />
          <attstr name="surface" val="dirt-pits" />
        </section>
        <!--End of left part-->
        <!--Right part of segment-->
        <section name="Right Side">
          <attnum name="start width" unit="m" val="2.0" />
          <attnum name="end width" unit="m" val="2.0" />
        </section>
        <!--End of right part-->
      </section>
    </section>
  </section>
  <section name="Cameras">
    <section name="cam 0">
      <attstr name="segment" val="pit end"/>
      <attnum name="to right" val="7.5"/>
      <attnum name="to start" val="0"/>
      <attnum name="height" val="5"/>
      <attstr name="fov start" val="pit entry2"/>
      <attstr name="fov end" val="pit exit"/>
    </section>  
    <section name="cam 1">
      <attstr name="segment" val="curve 5"/>
      <attnum name="to right" val="-12"/>
      <attnum name="to start" val="0"/>
      <attnum name="height" val="4"/>
      <attstr name="fov start" val="pit exit"/>
      <attstr name="fov end" val="straight 7"/>
    </section>  
    <section name="cam 2">
      <attstr name="segment" val="curve 6"/>
      <attnum name="to right" val="12"/>
      <attnum name="to start" val="0"/>
      <attnum name="height" val="3"/>
      <attstr name="fov start" val="straight 7"/>
      <attstr name="fov end" val="straight 8"/>
    </section>  
    <section name="cam 3">
      <attstr name="segment" val="straight 9"/>
      <attnum name="to right" val="12"/>
      <attnum name="to start" val="0"/>
      <attnum name="height" val="2"/>
      <attstr name="fov start" val="straight 8"/>
      <attstr name="fov end" val="straight 10"/>
    </section>  
    <section name="cam 4">
      <attstr name="segment" val="straight 10"/>
      <attnum name="to right" val="14"/>
      <attnum name="to start" val="40"/>
      <attnum name="height" val="2"/>
      <attstr name="fov start" val="straight 10"/>
      <attstr name="fov end" val="curve 10"/>
    </section>  
    <section name="cam 5">
      <attstr name="segment" val="curve 12"/>
      <attnum name="to right" val="-35"/>
      <attnum name="to start" val="0"/>
      <attnum name="height" val="30"/>
      <attstr name="fov start" val="curve 10"/>
      <attstr name="fov end" val="curve 15"/>
    </section>  
    <section name="cam 6">
      <attstr name="segment" val="straight 15"/>
      <attnum name="to right" val="-10"/>
      <attnum name="to start" val="0"/>
      <attnum name="height" val="3"/>
      <attstr name="fov start" val="curve 15"/>
      <attstr name="fov end" val="straight 16"/>
    </section>  
    <section name="cam 7">
      <attstr name="segment" val="curve 18"/>
      <attnum name="to right" val="15"/>
      <attnum name="to start" val="0"/>
      <attnum name="height" val="10"/>
      <attstr name="fov start" val="curve 17"/>
      <attstr name="fov end" val="curve 20"/>
    </section>  
    <section name="cam 8">
      <attstr name="segment" val="curve 20"/>
      <attnum name="to right" val="-14"/>
      <attnum name="to start" val="0"/>
      <attnum name="height" val="3"/>
      <attstr name="fov start" val="curve 19"/>
      <attstr name="fov end" val="s1"/>
    </section>  
    <section name="cam 9">
      <attstr name="segment" val="curve 21"/>
      <attnum name="to right" val="12"/>
      <attnum name="to start" val="0"/>
      <attnum name="height" val="3"/>
      <attstr name="fov start" val="s1"/>
      <attstr name="fov end" val="pit entry2"/>
    </section>  
  </section>
</params>

